ResponseId,UserLanguage
R_3yjupeKxv67eHse,EN
R_5FVz5ZHVBf1m9Ym,EN
R_73sbchB08XyVKLO,EN
R_38Bz9M94HwkV3hQ,EN
R_51od4Rf8iHXeWW9,FR
R_1K0ziYzXnl1LWLf,EN
R_3cYJ6HOVKeb4fex,EN
R_3tsVJsbl87Tjq3S,EN
R_5Nw94ZxSdkEEfYl,FR
R_1jj3PqgIebySvXX,EN
R_6hRXrjppIn7VWtD,EN
R_71YPcNaXRfyZx3v,EN
R_5rUyVTHzsTxUTOi,FR
R_6Gm1R2XbZSJls9j,FR
R_3rWZ8VPsnNUl2NP,EN
R_7KOdOADKHepzqhk,EN
R_50PqbVlckw2l5Vr,EN
R_7QflvmrjR3XnGsx,EN
R_7nVt3plJ06zuEaf,EN
R_3KsayTqhu0ODAdq,EN
R_5CVr8oDrrb9dXNU,FR
R_1XgvZ1mZnwS62gV,EN
R_52Lsir66HnUEZaU,FR
R_5inga06YTGMAOjU,EN
R_6juJBbfrDXaB6T6,EN
R_1Ms2zryprt8Buhp,FR
R_1BBZ9tTycTcpkd3,EN
R_3LComdoaSusiSOd,EN
R_6EJOxpK5ClXTfAF,EN
R_7n3fdG2SkAhbvTB,EN
R_1n1QeyrWZRv41VP,FR
R_51gflJBGfpaGaRR,FR
R_3cQWBG7kRPDIsBX,EN
R_1SoWXSjy20k5tAt,EN
R_1exaD07PiFWjqfg,FR
R_6C7QHc4CXJH9X81,EN
R_7bNlw50ouaXpcOH,EN
R_7aP80IOuA4DRD0K,EN
R_5oby78JZ3Pez5o5,EN
R_3ipGt7AE3M8r2JX,EN
R_1dsi3GmXzCS2fVU,EN
R_5eWDI5RHNmM86Ud,EN
R_7BPiANzcgTRRapR,EN
R_5ewqW1OOtBTBDNI,FR
R_3jK9WmyhesTEV2r,EN
R_7Ebztu2fd3OmJMM,EN
R_71mWXq7LHXiq0Mx,EN
R_6N49wkCSfKw8sbw,EN
R_3aUBDVvxfeHIOny,EN
R_5qElyP0rCjlv8TD,FR
R_7hu3uVOiT3CYOra,EN
R_3h2fodPxsJvoTDP,EN
R_5g1JZ9JKfX48R6N,FR
R_70nzgHqlicObOet,EN
R_1CkCiPKmnZQAkIk,EN
R_6wf7eNKb1bGkZtT,EN
R_5F3tHfnPdhjrjJi,EN
R_7OnJN7mtF51y2Pf,EN
R_78O0mxX1EnbyOIg,EN
R_5rdiMY2z658c5mi,EN
R_71FBvxX8XESlwTQ,EN
R_5hDCS9MIfMQkxcl,EN
R_61vKYczsR9Ugpfu,EN
R_1SDF5Me5ldyDGZr,EN
R_6Eijbb2rPeOMzQN,EN
R_538hrQILno6V0UF,EN
R_68oxec6kHIi2PPr,EN
R_5mmEuu6bf75Qd2W,FR
R_5nNHAydwKHhzYux,FR
R_3n0XmuCwNJxAdXS,EN
R_10cU96LNuKJkUdr,EN
R_3fBr0GwosolKUV0,EN
R_3CIXTq46Rc5ujOv,EN
R_6xyhXFSj9xyk4f7,EN
R_3znJr80pPoLTaav,EN
R_1gLKJOMYskDHVqp,EN
R_7l3RgePnQ6AKN4W,EN
R_6sYg496H7xx9hqp,EN
R_7AWMD3pZl13uJFJ,EN
R_1AQxMgxqZbTyGUp,EN
R_3H5Zsyju1mp2BJc,EN
R_1KjQTdkeFvq8lcT,EN
R_6NELMSeevsaXUns,FR
R_1aWebDTtWWFyH7O,FR
R_1JQu5kdWBremOls,EN
R_1OTGG9Q1psIX2q2,EN
R_5fofScyansAb5m1,EN
R_6M590hqHlxtWERK,EN
R_7ZejwkLHuuExzdD,EN
R_3Ka8zyEy7gZ6wtA,EN
R_6dv2OUvlFEQZvqq,EN
R_3ebt1VymG4tQY3U,EN
R_6uzcdezx1yjZA53,EN
R_1qWIVZ3Tz4SWC95,EN
R_6Cy7PRQx2aM1fed,EN
R_3TTz212cZMsUDuI,EN
R_1gFKA4rJgLD9a8G,EN
R_6YlCgU3B1JA0dA8,EN
R_12ovxyujMNHu9qn,EN
R_6zbWLxUgXIIala5,EN
R_7r3wSiilcLXtgg9,EN
R_6oGV9YLNUb6SUnY,EN
R_5BhBXtcAYZ7UPYJ,EN
R_6cvFlv7GUzl37px,EN
R_3zkdmxXOISA6ldn,FR
R_5aqzyu63WsBc5kp,EN
R_1aWTCYWMrvyfqn4,EN
R_7PntQj6KLmJLsye,EN
R_3GUejriF6Kbw6D4,EN
R_70YHLQx7bZSTzXC,EN
R_6c5c8vSC2qbKCy9,EN
R_3chgdGsHbJXRL6O,FR
R_5qC4mjMdOOgZVVc,EN
R_6hFtif7TeU1NAqX,EN
R_14C2vGXKprNZTnr,EN
R_6MSRsg8ud8H3vQC,EN
R_5f27DzHtN2RMz9x,EN
R_3kUFRhf85eHs6pr,EN
R_78MdcqgxX0wXVlb,EN
R_3MT09510q2thRs7,EN
R_7nxcNXQVIwbxY7f,EN
R_3mWeDrCKQOJADGs,FR
R_1S9ucI0uDJlPxnR,EN
R_5eVVotyew4nG6uL,EN
R_1B3XUdiAmZc8HFN,EN
R_5mdvZ28WSoNXcG7,EN
R_5eRJoOa5BkAw8Lx,EN
R_5vjGxQxndF0fFSO,EN
R_1tfWqeW9fCKlTvK,EN
R_5ln6nWkLstVFuSZ,EN
R_1P75zqttirhjZKs,EN
R_5OSPOi1QLdQV763,EN
R_16mtL1kPn1tcuTI,EN
R_1ANmBXJnxkWxSk9,FR
R_5ampzaFEwoCtxKQ,EN
R_1Yx4aKkDLrdL8j8,FR
R_6Nwi9VL6AfFiwoT,EN
R_55pMfW23UCXRlPr,EN
R_63yBBSYshv34D0v,EN
R_1t3f0pfPCl0xJou,EN
R_539oJYlWj3L5bYu,EN
R_3FM293G4skuwRdT,FR
R_6xCNl4pBz2aZy2J,EN
R_1xDFI23PERdAv9i,EN
R_13ajG9xg4Ssbj11,EN
R_36ujnFyw0BEU0XD,FR
R_38UoQkD6GRHAP87,FR
R_1IuVVUMOHac6XU5,EN
R_3xKmi6X2ubzYGfD,EN
R_7207wZC5gOmscGw,EN
R_54tMtxQxUqFoTH7,FR
R_5v7hZQvdIdeiqha,EN
R_5nd4b4xARWHPNLv,EN
R_1Jk0d3xFNpuofEs,EN
R_7bTpUXPRP65SsFo,EN
R_79vPngSmJKGzmBX,FR
R_6CH9dhBTFOKE7Sl,FR
R_75Qk7cnuQtrzMTF,EN
R_3Dv7JrIa6JothSx,EN
R_68kgUcGfZUdLhhn,EN
R_7KYVJAKYaWZKKOt,EN
R_1HXWb5cwccDu91L,FR
R_5diPIQo05Urie1Q,EN
R_6saApAC0eO6Gs7v,EN
R_72PcLucdQ2B4vjp,EN
R_5GIWmSD0CVGiHGJ,EN
R_5XAkcJOF8w1twGZ,FR
R_1otBS4oytz6ZMOV,EN
R_1HhiV9J9Kmlb30W,EN
R_1wiZYiEESyvoTpT,EN
R_5QXGL8JrHaGjmdg,FR
R_3QimOJa4NI4zcPA,FR
R_6FnfGBypwTuAUCP,FR
R_6lto049noG7xXzl,EN
R_6GhWcf1qMbJSbUl,FR
R_6kgLukv0yFgnKWy,EN
R_3Y8I4YOArGotIyn,EN
R_7DT0V3Hpznzcgr8,FR
R_6eQZTlrlj3ccHYi,FR
R_3nOaRQ4wNMl6bpS,EN
R_5K3UNcBeVybI3pD,EN
R_54Ed4pMKUjw63cJ,EN
R_6WHngNzEHrMT1NK,EN
R_7pQ5Xkft8vWtrxn,FR
R_5qeq54Ssib6SBAf,EN
R_638bXDgas9bhlfk,FR
R_6sN33dDqXpQsWDT,EN
R_3ptiO6OdX96nKKA,FR
R_6MMxgy4f8o6tgmY,EN
R_5QsFeAn0uVhSk2I,EN
R_3hxZ7gqfpEwFKgI,EN
R_5r6KxHg7O6a1JkJ,EN
R_6dA8POZ7VpoL2s6,FR
R_6IXGLGoMKCtC99e,FR
R_70oPnnwwfktKKA2,FR
R_1otLDyPTzvlDzMZ,EN
R_5JjWUvksIlfABs5,EN
R_51Zqy2228vpdHws,EN
R_5M6Rz1juxdHDcUp,FR
R_1LisNKfeqxsIM1a,EN
R_5esGEIpgWhbwRUt,EN
R_55RaDEUF9LCfC8S,EN
R_1WYynY4Nu7oDi5Z,EN
R_1ZEsbAi2kz8huLc,FR
R_7NsKdCpoX8CHPON,FR
R_6s62dr5LLXMxR97,FR
R_6NslKLDXZZiLwsQ,EN
R_1O7djhI57XKVqpz,FR
R_51az40btwIe4yqr,EN
R_6mm9Att1ibtKazu,EN
R_3sBLhBiIVeK2dMo,EN
R_3gb5AsQFUcnJAch,EN
R_3rvWX18bwYnUyjn,EN
R_5ItoICLrbnq4Qb3,EN
R_3ikDaiZKOLUcsGR,FR
R_6ob7EPw2nnaG1Xj,EN
R_3P23UQJKpQePVfG,EN
R_7XMlaslhvcFOExP,EN
R_5axaofQ1BYVm3HO,FR
R_3kNfs4DbGAGUIje,FR
R_6oS1uAffQOjqHcw,EN
R_31nHN0dJnYk9PuO,FR
R_3eWdnKvzEdIaDQH,EN
R_66bxUeUZBLfZr7S,FR
R_6GBpKIT1brOz9fX,EN
R_72EVFWNkra1IzkA,FR
R_1B3a1hnqDKMHmXY,FR
R_7EMYbEGSp2tDjjN,FR
R_5vi0K3nQhU19jWN,FR
R_1Yrpc5ELBk5Mnqg,FR
R_6k5JDJvYXC4ird2,FR
R_38EbnyCJjNUN4uB,FR
R_7oj3iMazj3wWMkE,FR
R_3EOpI5FQmfEI1Et,EN
R_7Cwy6LyGtofStqt,FR
R_301M496fQTUIdaN,EN
R_3HhlRYZ5TjCeOxp,FR
R_11cbv7QCcKdMgqw,EN
R_3P7x6xsTJj4wW2U,EN
R_72ExvUJnKztt1lK,FR
R_5M99X1OHs2RlARv,EN
R_1mfpHm19Cj6AlP3,EN
R_7IPMTw6G9hahhEE,FR
R_6bflya7fFWotC7L,FR
R_75Wn2xNPIPLsflf,EN
R_67Dy32LFVMQMMLd,EN
R_7JKqnmG8UJVbvoT,FR
R_7orGRVL6vh1Uhm9,EN
R_13DZItUabhdROhP,EN
R_707RSsNAUFSo7f6,EN
R_12xmF0dB25Y6qOt,EN
R_5zO54yXXmOhJMCp,FR
R_1Ep2ftf0g2G4ep0,FR
R_6QRPO6dA956tBTc,EN
R_1PY1L8L3bADzqUb,EN
R_6eOXil5WVRrVR97,EN
R_64YmplDb9vkPjYR,EN
R_6laXLViE5TwK33H,FR
R_5Q7S2F1hQ3FlXj3,EN
R_7V4HtHQwO1HUkVE,EN
R_54W8fDbk0cEKWJP,FR
R_1QxCAUhagZDOx8s,FR
R_6upUWJADg4gk3Mn,EN
R_6t3PVwFX26PUn29,EN
R_52SdPhjGYlhmNJI,FR
R_5sKlpk16bRRmpih,FR
R_7ZIC37V3QWD6Fpy,EN
R_7Mlqx07YkDkUqPA,FR
R_38LsDMBqjD1Ghrz,FR
R_1saUVHkmzrWgzJo,EN
R_547aAMbsFEVpeZJ,FR
R_7jSUOZrZRNjE2It,FR
R_5yuH7bhyeBSce1X,EN
R_6uz34XhFVZ4ngQh,EN
R_3noM5uiwLXZExBI,FR
R_3qr911dz9COmqJP,EN
R_6Ky5A75OeNRp8mR,FR
R_7HjeAldLnrOOIIF,FR
R_6sKR5GOs7DbgYzn,EN
R_74BgZaOizyy2IfV,EN
R_5AG11md9u28Rwnu,EN
R_3dFUuI4KZXI5Mul,EN
R_7spGNzoesX1FUBv,EN
R_1Oi6m1en2HQGmt3,EN
R_6eV3sjX3EXZ47Or,FR
R_6yfoowZ8ncqb1ND,EN
R_6GxDzDlTzI14sCW,EN
R_6h6LqnILQz7DDAc,FR
R_7e9K1K8i78E4PTT,EN
R_1wpMbG6WU02TklY,EN
R_1zuSnR36aqlkrlZ,FR
R_10oUnkrbJepVp87,EN
R_3A3hJmqdok5PRx7,EN
R_31bImsNwJRqSUjF,EN
R_1O9XVUE3Q1Z8Po5,EN
R_16a9HRelq80u3b2,FR
R_6QFe6FX2UGwYPqX,FR
R_7dRkiEGZIWRCStm,EN
R_6LccJh1ECTdM2vn,EN
R_1pDJz9EAJacZPfL,EN
R_31IT2ChCfTEWmrv,EN
R_1esnD5KBhDk4yOb,EN
R_3FQA3nKF90ebaZT,EN
R_1CWktNfEnLTzI2h,EN
R_11G9p9zyGRl2OEM,EN
R_7Fr4eMQRelbbxKN,EN
R_3ymJy8AyVYDR0Bj,EN
R_1ATjFoLdn8sUI89,EN
R_63WYAkLucbFb9hO,EN
R_1BhPZgKeqS6aGC3,EN
R_1NWbuiwtQLpXlxC,EN
R_5bO9K0QuyN3sBDi,FR
R_32Yk8wLVgbstRBn,FR
R_5LMq4HfxPlkF2L0,EN
R_7gckY9lO6Fg3loG,EN
R_3tTWNzjRK6GOAUx,EN
R_3erygSMpJ7fwHZY,EN
R_6YhsnbXTCMTrSLM,EN
R_6LcXNGdLqwzbli9,EN
R_3uQCSNMUvPDavGs,EN
R_3MKkVxivjV34pW7,FR
R_3b7RGW00HDW3QdP,EN
R_74r4fcqsIB2I31D,EN
R_5qsj0JoVYZnqt2T,EN
R_5P5fA1fJGQFynso,EN
R_7Mha2tPD1SW1Kdg,FR
R_1fBjPWoBG0sJz65,EN
R_62u5ZPYFwTfMCZo,FR
R_6bnPwi5Ln0xKh5T,FR
R_1cmI6TGdoPl2koh,EN
R_3sxbGdEt3kpJA4x,EN
R_5Bm3ZjBoTCIp02y,EN
R_7pSsoz3wr32deq3,EN
R_6WrfkZO3zyELWHT,FR
R_5bJeHflyrCyo2mR,EN
R_3mejNQQFZg5bQ9X,EN
R_6rPPQET0LuuVdbR,EN
R_1DZuzAqRYiIlWeA,EN
R_5foNGsvF1HL1Pke,EN
R_399VGZB3hsoK7fB,FR
R_5wz4V1QMWPmveXx,EN
R_6kQYRw16Hjvy5Gh,FR
R_7BqQGgT7t4uxaX7,EN
R_6IXzR6yXqLUrQB3,EN
R_51GGLZWyPW0QXsj,EN
R_3U4UTBpCn3yHrde,FR
R_3KwP4Rpk7jYrV2E,EN
R_3eqwPIzg2NQgKV9,FR
R_6WsDOdLkyRQZkkN,EN
R_3SIrH3KDSp1UZ5T,EN
R_5Lhi1wlx3U3sh5h,EN
R_51dyjFN7qwKYxPA,FR
R_7CfskTm04pfNwCv,FR
R_6CgmcmSc3yOcQtK,EN
R_1aQ5HiKKaR9W7wi,FR
R_78ILiLRhvoeCTMi,FR
R_7hA2uronlQaKa6f,EN
R_6cXJBIumtbWlo4s,EN
R_3sX33eAbDyr13G9,FR
R_3pyQ7KgZzo3F58N,FR
R_66D5nb31fjdXc2d,EN
R_1q8WQWjOY2UznBn,FR
R_6pylzfHu2PVt03f,EN
R_5rCPiwUHmoEgDwh,EN
R_5xDKmxgFii3ZcBL,EN
R_3IZ6XNNsquojbIY,EN
R_1V2Oi8Y6kXv6qUV,EN
R_32D5QhKQ6inbOvm,FR
R_1FRRkSZsNnR87VA,EN
R_7jnj1c7DPQuLaCd,EN
R_7O8EWp7RLPv0Vbf,EN
R_5i4Kv49gcIr0zBe,EN
R_1G7HyVHVX7036VT,FR
R_1kSLu2giRVVLIaO,EN
R_1rAEsmGYlnQGKU7,EN
R_733w3EBkF6a84hB,EN
R_6CEAF1DgRav9T7u,EN
R_338GIXeYV2UUExP,EN
R_5P5wLYfwQnHIWkc,EN
R_3Y1ArtEbWUhIOgV,EN
R_5lDKCLAir2GQEK8,FR
R_5EF5EXLe2ING8tA,EN
R_5WGdx3bmYQj9agu,FR
R_5uyQ9AaBUD5uAoK,EN
R_3rDAkEuYIdidQDI,FR
R_6pyyD6mMlbsyRDA,EN
R_3erKLpZXfDgH3z3,EN
R_7DXIjIl1RALeJtR,EN
R_6zbWHjDM5XMOvrE,FR
R_62GyLH1h4Ot1C8M,EN
R_3uMNFxITF00Lqg1,EN
R_3AQpl3VMnfFNLHl,EN
R_7mlbjAb22r4D347,EN
R_54N4Kw5H80mzQhi,FR
R_3r0BbgquQqxKktH,FR
R_3P5a0fRR7zgvwIb,FR
R_6LzefwdC76glPcn,EN
R_1O6QTotFv7EO7tJ,FR
R_15vhOntpQfl0V2S,EN
R_3iWJQdalDBrWwNj,EN
R_7VyFu7a5XaPuUaj,FR
R_5dixhVFJmMln4rq,EN
R_7nuOTGk4TUNVDy1,FR
R_7gZk7juFzoY03iF,EN
R_771rCuk33F6vCTv,EN
R_55X3CsMzY4G2B5T,EN
R_6IsTVNqe72sVlUR,EN
R_5QKBSa4DJSjtXxH,EN
R_52Q0w5If5mBLk4I,FR
R_54cb0OQhKP3Lc8p,EN
R_6P6hSDcIrA7mwoK,EN
R_3FqrncHQacNnXtQ,EN
R_5NLTYfxHOLA2lZD,EN
R_6zTG1DAyP6PgU2D,EN
R_3gbPjqQu1hB3Fzr,EN
R_5ozsAH5VjWiNSkS,EN
R_5mGxAoqVmiPUhBD,EN
R_6alCD5NhqDH5Qo4,EN
R_3SiRz0S6P4SA97E,FR
R_3wvo6qXBT1F1jGA,EN
R_13220CFwhC6MDVU,EN
R_5ce0sm7xBSetBct,EN
R_7SY1YWP0tdI7WLv,EN
R_6q876JjghWBJMYA,EN
R_7RV8rjLC9YFlqVs,EN
R_3JIxgjqLYa2BmwK,EN
R_6VJeBnrg2WtFun7,FR
R_6YRkrFstIwb9xsV,EN
R_6UfJPHX7i3HFM9s,FR
R_65BgAHSN5ZgbBQL,EN
R_5NwSCdWy2XLjY5X,EN
R_1RyHuvoLTmzTelU,EN
R_6pzYWh9OZWig9xn,EN
R_16JReZ7TTxLVCQp,EN
R_7M43klIZQIBoUCZ,EN
R_7v9H2ExxhwfpX33,FR
R_5qaazdhHo7vyCUN,EN
R_3qgKWhrfi73T6xP,EN
R_7dcN8DwrgedPZJ7,EN
R_6LYfeScTm2rhew9,EN
R_6oyJqfpdkkCV8g7,EN
R_5hAXx8KyGSdcyGm,EN
R_1ATFCw8CmGXhxfh,FR
R_1YRHcSWiDztSzDF,EN
R_3FyqlDT5pHOTHxk,EN
R_5zZ8WN1hxJ3zRDj,EN
R_6NFab21AeZMcuHL,EN
R_3aspk7hTUFYiJFi,EN
R_1R8VFnhsuR36S1c,EN
R_1M5PboffKUwUBrw,EN
R_1kp48WfKgiwVBLZ,EN
R_5U0e0rDnit1WsfL,EN
R_14M2uttm3LpeHj6,EN
R_3F2JfCc2xkfksBr,FR
R_3phigvuV7Sk3uuJ,FR
R_7RgYDbugBwll2Zz,EN
R_3YaYw4soelIefAw,EN
R_757LG6tYkGaYR57,EN
R_1XTVKWzzLd37hbb,EN
R_72QKmC76xRJ3pgQ,EN
R_1rGyDs9Zmuuc6lA,EN
R_7EGfjHuBl6628zE,EN
R_7JDuYu9azQLU6FN,EN
R_60lbLhwXbWnsIyY,EN
R_70efqyzH5jbBzA7,FR
R_3C47xdvKGtOdf1p,EN
R_7D5ftAlISfUUSzT,EN
R_3LhZVkThgs3yol0,EN
R_7Wq7XvItHNom66l,FR
R_13vyHrdWFzH59aa,FR
R_7ev1nGk1jIA72bn,EN
R_7P9AxxSaJiT0ZtD,EN
R_5SH7yjfRBdRBvu2,EN
R_3V2BtGbmVcG85sT,EN
R_7OOYNg20G59VMTe,EN
R_5nO3GhmG6TkaMlH,EN
R_67kwe8EUr0h4cvA,EN
R_6FSaU5oJ0djlPKV,EN
R_3G1cED41DXgL3jK,EN
R_6cWp53rl3Go7pbX,EN
R_6ihv58K4Rs4SMm9,EN
R_6iwA7OkD1szQzw7,EN
R_7FUxwRDlIxBld20,EN
R_3waanHlZ3j756S0,EN
R_3HX2QRh6bMJWyhH,FR
R_1gtjthTeTm0NYX6,EN
R_3rOklyMGaIA8rps,EN
R_137PsYRMc8mLaz7,EN
R_7gngi8TJuawZnJy,EN
R_3Eb8i4IqvT8Pkfe,EN
R_3IzLBE6kUWnvcFX,EN
R_1IyCyPnsIXZEDd8,EN
R_5mPKVzpEybgVvA5,EN
R_3zYjPQE7KvF2LrI,EN
R_6FKCGWQTVPiZ6nr,EN
R_1qQztyQw63iCYLA,EN
R_1Pvn7iDKimXi9zj,EN
R_6m7FrEnxuomgNAh,EN
R_5BlnDhbyFeTsHEi,EN
R_5w7vsEIO9kfgXBG,FR
R_5lLEXeJtQXQMpof,EN
R_5uEtpz0Vz7xkulP,EN
R_7KxmtFwHLNqpYRa,EN
R_11FU6UbSP85vHI1,EN
R_62u4xUmQuTeCkgv,FR
R_5PdEmtu7oCfrxft,EN
R_5BaI88tfeSlck9H,EN
R_70NO76b2SDT5EBj,EN
R_3atOniie55sqoM1,EN
R_5KuOshIO8Dso91f,EN
R_6fUrQNwVomwCbV7,EN
R_6nTXXPFASUDWCKd,FR
R_7AI0V07BOHP9E1H,EN
R_6wbJtFSd9aUPE3v,EN
R_19W04vBlGZ4gp0d,EN
R_15Ths9fC53qxHa1,EN
R_5HAABIZJKDp01p6,EN
R_1ffQ2FtZMYBGYV2,EN
R_7EZN0wLhPR4Fj7y,EN
R_7awiOlXQLMVrkUV,EN
R_67WMWBvd0SZ9hu0,EN
R_1UsfAPmy8oBQrHb,FR
R_7gsnGKEQkLQsCPv,EN
R_6f8AxcAsv9EPnUy,EN
R_3rlMBgyZE0Chu7f,EN
R_3PY7k5NSK3cexZe,EN
R_7DGBs3wzmOJXwAi,FR
R_5Et65rKuzBYSVnX,EN
R_7CqQ9FPUdd0aPX7,FR
R_5qlnWDPihxkbNak,EN
R_5CVqrxL6ggaTzeW,EN
R_702WvZQX1ca1v7l,EN
R_6k62bfZrFjHXwxi,EN
R_7ff099qJUGdCA4K,EN
R_7O8it6XmS59xlp6,FR
R_1iXz96G7Mk33hMe,EN
R_1vZZZosN6WBeheB,FR
R_5w6qWkp1TgRViI0,EN
R_3wCSkP5gaOortG9,EN
R_7ESavdqDbHYtBJa,EN
R_1lZvCRmDliVO0tb,EN
R_5qUKC8R4YeVZqGY,EN
R_3e3vAFtFCjPS908,FR
R_5LzHellmDh656SU,EN
R_6EXbZLEBchUqKfZ,EN
R_3QYXPOIqiJ1mb5m,EN
R_59tskDPAtQnoNqh,EN
R_5DH6AJO1CPiSf5f,EN
R_3dyZdYNCDnGuJTy,EN
R_3qwkFKuKOhJosXi,EN
R_6m5170dKPnn1KlS,FR
R_5PS8W6g2KN7GTOL,EN
R_6mDk95u0xLCExH7,EN
R_6eaEfjyxY4HlUaG,EN
R_3R3yOVKN7CSjjp5,EN
R_7aLbxdVVUDIblKm,EN
R_6CWsZ3DluiqbfJP,EN
R_1IWZwZlt73RwJM2,EN
R_5Ck5a6uS3GdrkIx,FR
R_8jwiJ06aIsPFJ0U,EN
R_6yztFY4wBIDXPuF,EN
R_1fIeE6Uj8jwZ6ec,EN
R_1pMOwrh2jijaCzJ,EN
R_7aklmrDSUnpr0Na,FR
R_6SHo6foUPYDQPbF,EN
R_61R7S5gKPU8FESA,FR
R_5QuhFzy6XjmfTmp,EN
R_1uZAPpcd5WvghUB,FR
R_7nMLkvgTGcl3yob,EN
R_1qq206fBWtgbAeT,EN
R_6VEiLs3c1Zqx1OS,FR
R_7015Uyk8bgu0NID,EN
R_3Kv97vtyvybmYsc,EN
R_7QWdK3mhQnKMkyY,EN
R_1gvVTYmDNjU3KHN,EN
R_1FaJ3Pl2IbbPEvf,EN
R_63fMQ39yYjMZlwd,FR
R_1WSbfUz6QDqYxW5,EN
R_64bVR0uLmn3X1Xj,EN
R_7DNBDtUNNjKAVv8,EN
R_5ltK4DPcahHGitt,FR
R_39owNsNcH6IFVbB,EN
R_5H1sMosVO2hs8I8,EN
R_34R9uj8WVcscUHD,EN
R_3Q48ph2t4R3aaqF,EN
R_6jPb5um1RWe5Gs7,EN
R_50ZpDKMgetdi2cQ,EN
R_7aKa8ya53PW3QEG,FR
R_3Nhyp1rf3dOhzbN,FR
R_6LpsaBz8kLbBunL,FR
R_6DQQIg6sacHbLix,EN
R_10ZkXnSUMKpIL0w,EN
R_5PNT8icgejIFSWl,EN
R_53vsOYrgYqV35fc,EN
R_595q8eXOe3RJzYw,EN
R_3zm5oneMN1GLGnf,EN
R_7jwvzGKQG5wkueU,EN
R_3kpEpgdYTWuA0OR,EN
R_6l0HFX2Q0ShSTO7,FR
R_7Q5eQQeNLoUK2I2,EN
R_3lWVaw2L0P4Qzwv,EN
R_1pZ5KolBSGbBVCN,EN
R_5CvlaasmE8cClIa,EN
R_5RpJU4iWS2ddjeV,EN
R_65efweY0ZRuJsFr,EN
R_63D79eooHpJRqJt,EN
R_64oI8FcK7Xfdkm5,EN
R_1ZVMQxF7K8suKlh,EN
R_1GgkySpEOXWnx4d,FR
R_1xQzqggQGJwKtoc,EN
R_7QK29jXkqlJtJf5,EN
R_7hxrlzazpWMUoki,FR
R_1aVItfHS6Kf32mL,EN
R_1GoVH4xTp15WQ6X,FR
R_7iec9zLSwTRjPCy,EN
R_7tAsj27v7t4nCEx,EN
R_6wQDgZXtnjIXnm6,FR
R_6CKo5wQpTM0B18M,EN
R_10SudODlCub7f6F,EN
R_6iEW0X3z3hnpI3P,EN
R_30u6RYsalPdXDfK,EN
R_5hGyawOg2Z8ePjM,EN
R_5N1YdX1txl5n7Oq,EN
R_1tMGWQd23OGbq9P,EN
R_6h59SPumw658koL,EN
R_1tnf4PTrXeC4FeO,EN
R_6LiLPsn0bcT8xEb,EN
R_7CI7834syDxeNaC,EN
R_7C4mrOoX97fkblJ,FR
R_3HYvt5g3BrAWpYB,EN
R_3lif9X3uTCD5cpp,FR
R_30nYh9lsi2sv5Pr,FR
R_3qTVeDi1o5AjcBy,EN
R_61iuEPHVMUNpS6f,EN
R_6ASTnuYZeqySBUx,EN
R_65tJ9yM0o8D9n2a,EN
R_3uOH1r2DQ8ukULW,EN
R_6s5IPV8MgSr71mI,EN
R_3QqV2AqCLmDzunL,EN
R_6xx8x2WvLYFTxl1,EN
R_34O8odTTpgmZfTY,EN
R_5svSmEXaf3rXLVn,EN
R_6iVJ0goLRx3Bgbd,EN
R_58zVMeN9pu0I56k,EN
R_7X0bcglGuKK3nII,EN
R_7LnXF8JOf7MlbGn,FR
R_6gUZPE65pC1Sp64,EN
R_7tEAwFegXcQpbGb,EN
R_757FT44yQ43DL5D,EN
R_6QzIBZ0sGp7YGFW,EN
R_5DwkMe0HrvFJl4C,FR
R_6fWMU2rNrMXY31T,EN
R_3hFpNoE7Di1jnlV,EN
R_3DubAPpJy5FhhV4,FR
R_5CNuR0XKydyybcU,FR
R_7fuGGCa6PB7MT9y,EN
R_144J0wcdW7ZUloZ,EN
R_6xCSpB5yy3eBT9M,EN
R_7lYSP7Kd4hI0M74,EN
R_6ePUfdSn9JHm8Gq,EN
R_6MgrLusdGZT744o,FR
R_1ipWO9tkAXBv7YQ,EN
R_1UrCpfQO5bqqnmN,EN
R_530JBxXsGdfwP3X,EN
R_64Ji0IR7W9hRKBs,EN
R_7e6jmKLXuoxaPJv,EN
R_5flj10hvYrqf7jR,EN
R_6zJg1AXu39uW9DU,EN
R_51ZbVI3c6MNdujq,EN
R_5LwLNZpQOIT4pLC,FR
R_7rTuLpbe1gmqSB1,FR
R_1xWRCYewahEb9qa,EN
R_6WARbt7bQYixdH2,EN
R_6dN5m0U0IZkQlw7,EN
R_6heUR2vGlvAsMRX,EN
R_5lzSq6vOwfT6KyW,EN
R_5j6eyCc8sRelYPf,EN
R_67m0k2Hwwgy9TpU,EN
R_3qvNMUZZkzyze9G,EN
R_5qygFd9EPnjgHuh,EN
R_5jPzNFDDuxBzVLP,EN
R_3QrLqKLjvqTmGf8,EN
R_3fM0GwZOkSniusN,EN
R_54OwcocSN7n3XaQ,FR
R_5po6MM5PVoLSQio,FR
R_73f1YG7pGKkUmtK,FR
R_7Eo7606Q2EhFINI,EN
R_3PASDw8qCdROGfE,EN
R_6nJFtn2loes0nng,EN
R_58zZJsdM0HHfZmb,EN
R_7DjCNYVGr2Y7xUM,EN
R_5NKrz3TApjyOaJj,EN
R_6cYyJp4UMKQBHwt,EN
R_1MLl5FMUGvBOk6M,EN
R_5xxfyrZGewTDeUL,EN
R_7uPQhW2uxJyIY8k,EN
R_7v8hdy0Ptv8kJsg,EN
R_1jfbsgXcO3SW1TJ,EN
R_5JIl02BHBjmckbT,FR
R_6OJYutpLFGyiGif,EN
R_3EiOEAyw7dWaVRy,FR
R_37GFDmRbKaYqh2x,EN
R_5pYWr16szQjyHap,EN
R_3YGsSag7j5CzaV3,FR
R_6qdqyzRADlMxke4,EN
R_7KTOTgzZaTZ47aK,EN
R_3WNea0sD1djtpob,EN
R_1rpSuYajyUXDSWR,EN
R_3T42OnzSDmWwKhr,EN
R_348mHMVqWbW1Cy5,EN
R_7LncDVK2lBYYmYN,EN
R_5TzAm1d01VDxk77,EN
R_11BnnYzXP6f71aE,EN
R_3qgNslA6FnzKBZJ,EN
R_5qJM111Kr2iP9Qt,EN
R_6JyYKTiPJgqoEt6,FR
R_5VhANWwNjXosqYx,EN
R_56ih8vQSbaRn21P,EN
R_1vRUSGKDHRc3Ym5,EN
R_12tcyX9ummoR91o,EN
R_6oGZN86tcaSitaq,EN
R_7iUqLVWb3cV4rrd,EN
R_67VhltwUSssw1Kq,EN
R_1QcIVeoS3jkqKlX,EN
R_7FbwBphl6SwR9At,EN
R_1nxtLGQPtRtqULL,EN
R_3pEUNAGIze3UtDX,FR
R_6iQFMUmq3lFW6e9,EN
R_6wnW7zv0XMzWYMw,EN
R_5Kejn6PRPAyNcjO,EN
R_5GTGG4sbk8Z4IRi,EN
R_71M5Qi2VpsoEI5H,EN
R_6CAVSwnDI1xLXYy,EN
R_5hECqSXImdBqBed,EN
R_5CJ1Q9PenmeCAJT,EN
R_1fK3G4Z1GsQpWmw,EN
R_1VwRz3QamHqThSN,EN
R_1cSQNfvpYy45RuC,EN
R_7n6Jw1GdsRY0AeA,FR
R_1iGz3aDebZDvGX7,EN
R_6357ZqvKeZUXcfT,EN
R_6pK3k6a4LcWGA5U,EN
R_3yd3R2pWnT80Cy8,FR
R_6KvqGigUfsGQys1,FR
R_5DHR0l9EfbcCX73,FR
R_5PbJZsD8sCwUNHq,EN
R_6U4xhTfaueIuAuO,EN
R_6lYUowlYafe0cSl,EN
R_7tchfGuGjb7LxhN,EN
R_6P1bS4Ui9YrrUmK,EN
R_6geHiF1rVoBSrbN,EN
R_1jy1xarCxujOjIE,EN
R_3r1hOQ0XO3e6wRq,EN
R_7JDwOXUZU1fLQtH,EN
R_51dwIYoLxSEG9Li,FR
R_3ZITh8tk7oiwsZt,FR
R_1pal7Q7uD8faLLN,EN
R_7rjlnItvvTYqEop,EN
R_1riGoHQg7XT05Ia,EN
R_5OivEy29jC4AnPX,EN
R_7dF3Pd2MNAV0QHl,EN
R_3yqPtw9KamJEENY,EN
R_65ZV1I213Tsua58,EN
R_5gwhHhl718rZHJy,FR
R_1IFXibnK6jPRtD3,EN
R_1MFMNrWBpw1UlSD,EN
R_32gwT6GBFUQ19fa,EN
R_6DokfhswrDESNOM,EN
R_1lx3Lm5GQ6Mw2WZ,EN
R_6wojkSisnNakjlW,EN
R_3T2yxufUKRmtHDr,EN
R_3qt9s4qV1HtkBmp,EN
R_1I4cV0DmO47nxFi,FR
R_5lRhAuJBPb7wLex,FR
R_3Ep5aUDFIDMlLQ0,EN
R_1v6010IFOfkGHjX,FR
R_3jNwClI2IZfxh1U,FR
R_3ZRgtTzpbedY3S1,FR
R_5pnktJlEtzlIAMr,EN
R_6ogJY5OfKMZWhbZ,EN
R_1sQ5ly8eBPQqtZ7,FR
R_3eK4Pp9oaki4XTD,FR
R_7CkL8c90s4yTY2G,EN
R_5Qoq576iRIr8IFQ,FR
R_13CJINZ59jXDbHo,EN
R_5fC1XpwVy7J1Ofz,EN
R_3JKROvv9jXEFbNy,EN
R_5HuxlIqlRxIOLIo,EN
R_5htLWApAxy1d8xQ,EN
R_7Q41m4JjKehPEcR,EN
R_6ZNutFTo8GU3q3a,EN
R_7dtors4J4vla2Vw,FR
R_5YblXy6TwhXEl8U,EN
R_3R8Jq6JRKmkZtlX,EN
R_2BhTtwn75w8pXSp,EN
R_3LhGvjsd5viQMs1,EN
R_6HUoOaZlFg4cFSd,EN
R_1mbfwoWwJKVNtHH,EN
R_3iWFnAXSORKTyKB,EN
R_3j9bfozS6eH2goe,FR
R_6b0MYGl77AH8cqZ,FR
R_61oQv9hmNx6wTlc,EN
R_1DROSYJY5OjWdn5,FR
R_5YJKi397CaTlBOZ,EN
R_1wRlzfJJWisLyZM,EN
R_7dLF3MRN6yrPnCd,FR
R_1GvrrM7rqNDL5lF,EN
R_7iVCTNmHUezLS9W,EN
R_12nG8Zyitj3aNmG,EN
R_5fARcmlhrHivr8J,EN
R_647Rbrc3p8UuAAf,EN
R_3o57EouPgRVy9BB,FR
R_7jYSA8VtAcsPmKb,EN
R_6qaIoZdxLLE1M86,EN
R_1ebrUYFDuR9EpJg,EN
R_5p6wqHlydMYnTmp,EN
R_7fpzTkmEnkq3WTF,EN
R_6VjwAjiU8ldEPeI,FR
R_17Jsapq0yjDrCNm,FR
R_5dFhTa1E2tkEWif,EN
R_5gA80aWdOfwlzx8,EN
R_7EYd0pRNIUa8pNq,EN
R_6HZYk4tchGNru4E,EN
R_12rf6vFUr7r1eIF,EN
R_5mmzKMvRbyZZger,EN
R_6rDcCW8wfDvMNXU,FR
R_3h9djfD5eF7MIl0,EN
R_5flzzKBDu0BSarr,FR
R_3FQLRlwR1SVP4kO,FR
R_6H5eWEySI5lNja9,EN
R_1ZBKcuMbkmKuWMJ,FR
R_3qX42bj8TPsNnFw,EN
R_1I6J2plA5PxCpkD,EN
R_3z8Sjpvn66bS01F,EN
R_6wdjc0Q0K7fEfUn,FR
R_7cUO633q9N97bkH,EN
R_1PyiQl1fxA7dBQt,EN
R_7TYBaEg2FJShHuF,EN
R_302S7ZE0BsudBrX,EN
R_5h6clVkln42qhSF,EN
R_1OiZQZS25M1zma6,EN
R_3dsHZu45kNeCFkQ,FR
R_7JQ83aWdkytXJWH,EN
R_6EcmoZjsPpDvUKE,EN
R_1FRlNM3LvCs5kz7,EN
R_1jUTS7C6wC3oFdn,EN
R_79UoJ6d5pRQIfT3,EN
R_37UMi4JC1BwUTbV,EN
R_3DoujmykCVfxbHj,FR
R_3n0jzNJQnCWkRY9,EN
R_3ifDk3qsgDqz1Aq,FR
R_31voisfC0WWHBZL,EN
R_3nks9zgajQW1W2o,EN
R_1wH64pebh2VslW1,EN
R_1lf8MFwM7yRU31T,FR
R_7wzqYBPOgjrhWVx,EN
R_3823toNMwKzXM53,EN
R_75CA0E9jseDs3df,EN
R_5dJ1Pb4zvMu8dLr,EN
R_70vFuzFX60b5ZsN,EN
R_1gFOM2Jvza8Zu96,EN
R_10u6HDcIRb0EkDb,EN
R_51dFWFewmglBIjV,EN
R_1UjerknPS2DXD2x,EN
R_6YtPv4E0a4FULOE,FR
R_7DUappzvd2XTpZT,FR
R_74MCCritVfXGYt6,EN
R_33WPhOI1z6vcHfP,EN
R_3plRGATvx7n1Ens,FR
R_7MbUPOVz3nrPH2f,EN
R_6lQQBNeeVQ187mz,EN
R_56rJ1psQ8IpmCQ1,EN
R_1mf61kpcPsFaT94,EN
R_7PqaHRRLl2u6RXM,EN
R_5jFutxVAl6VJhjb,FR
R_3Gw6p3efyZ0bGvX,EN
R_3szas2SBFlcf0lo,FR
R_7viugdHSLS0FJ5m,EN
R_7CfCGCN1iH40JZT,EN
R_5Bxi2hAknQCDktP,EN
R_3fKkVqRT2GJ47XI,EN
R_7MPYRTXadcHUV9L,EN
R_3iCoF8y9YbPzJzH,FR
R_6Ljwwarqkr5HT6q,EN
R_3EYI1PlZ01h3RS4,EN
R_6QcmM2SkxMWbUd3,EN
R_3FKczF0YTesiHWq,EN
R_50OOw9qaF59VFph,EN
R_3qHYYKzKTypVFyA,EN
R_5GbeWZQwAlT6x5T,EN
R_12L537ZCJUA3akm,EN
R_7qa0zaDCAFFsrn0,EN
R_1BnsTSSRNDeMqYk,EN
R_5bYX8gqWrNVncRj,EN
R_7HtTV8KHvwKlu8X,EN
R_1CMBfv1CDJPgv9n,EN
R_1d6M5fcVTsDwxUp,FR
R_5lwi5yRX5ZkuKyJ,EN
R_6sh9gAu5VacNYc1,EN
R_1QzJ96wWp4d73ST,EN
R_5Qnt4yCCA65s4xz,EN
R_7EzlFyPG0NjAM5k,EN
R_7ILueSlycpSPTpd,EN
R_5QGdNeZ821one8l,EN
R_5UwUdnrpMzppePn,EN
R_6V2T2xni38Wnnhh,EN
R_17UTz4ggWy6LCHX,EN
R_6mmHgnk8cekO7Yr,EN
R_7t9jsQWdSsOZv7b,EN
R_3Ta3u3gUDCHjUeR,EN
R_3pEk7Y0GCqydBBf,EN
R_7UbegDSkpU7LoSR,EN
R_3MiyxZECaWvPmQ9,FR
R_6oMDg6S01QQf142,FR
R_1dLaW2dl16TpUf1,EN
R_5k3EAIkX8rhY5K9,EN
R_1yCW966dEXmHIYN,EN
R_1IhDZ5stnmDtWxc,EN
R_6rcXY8uACcvYwxx,EN
R_6QWiAQwigVLype9,EN
R_7LPArWR1w2P3XhL,EN
R_7zx6hXLG5tUE5Ua,EN
R_5dLX7gr7mhpBPgm,EN
R_57P8gwjfXTDaOhH,EN
R_5yEKpG8RwKpFeSZ,EN
R_7oqCUDmHb6K4sIV,EN
R_3CARFRfJzJjqJgj,EN
R_7ayRMqieJVP31WB,EN
R_1hA0Uj6M60B9el3,EN
R_7CkITQT2ULIndGU,EN
R_51c5mOHWAF4VoJ1,EN
R_7dKD2P9lU2CFbsh,EN
R_32mpqm7MGv5DLWU,FR
R_7S2JBgOSKFa4xLa,EN
R_5Ei1CWubfAxAyPS,EN
R_5tKrgjnEDMGy88N,FR
R_3ryQm3VteWvywH7,EN
R_1eyJljDOaAvwTVC,EN
R_5u9wNLjHh1ZVGdr,EN
R_5g1tuhjK9uJcKTF,FR
R_60VO1Bdzo9YpP1L,EN
R_1Cd1a79dqMzHhCl,FR
R_6PTcxVX1sL0oWnY,EN
R_1aQPDthPOMfRa5P,EN
R_1P1L1qDNz59XajW,EN
R_3kOKUQNSYeHQjJJ,EN
R_5mydqvhUcWiDbIH,EN
R_3E9U3wheYCXcTih,EN
R_6NhvNVtRznvA9AU,EN
R_5EiJ2UU1yscoyWv,EN
R_17vD9IGNu49jEdT,EN
R_70ZEEjkztl6ZvdH,EN
R_7eIP4WDjQDU8woR,EN
R_7oHMgCIVnBNQXmB,EN
R_31iHL1oOJbLOl96,EN
R_53WMB2Z8Pkxo7Rf,EN
R_1qalMVA3TKcR0x9,EN
R_1It7hLstqmFXnRX,EN
R_7aL8rs68z02y9yk,EN
R_1uWhOF0ZiIHwz6R,EN
R_5IGO8g7WxbeYkXn,FR
R_7op4b9uUNYKeVLV,EN
R_5D2hceeS38etrZg,EN
R_6EDRHaRNCq9cS1S,EN
R_5S3kZEdhXfPSsCd,EN
R_62Thw7sroIbETy9,EN
R_1jdFLQjkyHoumn5,FR
R_5P4rycMSc5p8kB4,EN
R_7qTT9xe3lpaLWIV,EN
R_1Fsvb2YvAXSDq0V,EN
R_7sRssqxrTnbccKU,EN
R_1l4uCXmfxFaWtw3,FR
R_3DwIq47F0q8ev1W,EN
R_6AMAL36anVwKAao,EN
R_3Kg9s8WTbalJx9l,EN
R_3FMTqiHhYgqKlDr,EN
R_3Vis8kmH9sw6LUR,EN
R_5wiY0bXasaDdB4O,EN
R_5FrX2nUnLffjuFu,EN
R_3WPfsXQyrAuxcKB,EN
R_3IgyQyvemarMHXE,EN
R_3Ui7zcweCmWazCW,EN
R_3cV7rVs67E95hS6,EN
R_3FPoN4Rd3kX4FvN,EN
R_3pigtwUTeZOhtEE,EN
R_5ZUFmEP4Sy6cw93,EN
R_61oW2Y2DORradxg,EN
R_5DheuV8si53cSNH,EN
R_1SeEBwo7kX2tdj5,EN
R_5v35SOkcG4Qr53e,FR
R_5HwaDlBPcqWNrzL,EN
R_6e3TsWl2g3kFR2X,EN
R_6gwgBSCsVKFeVpK,EN
R_7Ir1w3zae4Okurf,EN
R_3aWC5RHKgS0msVj,FR
R_6LomWM0RQj0fAX4,FR
R_6ZWZoMAqnDeQlQn,FR
R_1GuFsJjOFjX1zSI,EN
R_5Or6DZzYCGq9Eoj,EN
R_7B4zLZa3ap9zIZI,FR
R_3t9hxTBy7UlqqSB,EN
R_1Ugsn6rn0ItI3tf,EN
R_5kHBHr0LkkvHzcU,EN
R_6B5RaRleMIS105K,EN
R_3Ys4rsDh97T8XTf,EN
R_1HqMI3YwtRt5NWr,FR
R_1DSBbx57cqWFU5i,EN
R_63gDywDPMjK2eC9,EN
R_6S5HYqsdISezgMF,EN
R_7e58OnisZYIhqDM,EN
R_6UBgJ4D9kjBcXDz,EN
R_3347NUucoPZtt3z,EN
R_1GlCBMBce85sbip,FR
R_3kdEby2NIgdIW5d,EN
R_71NHP0Jb83BVfHv,EN
R_3JCuYbci3NISAmr,EN
R_36bBbJGhVUThAKh,FR
R_7U3kRLAXnX58YhJ,EN
R_7WVGa6IdA4aKZbI,EN
R_1P5pp7bkPPXy4cX,FR
R_5Ia6e0jtfIoat0O,EN
R_7RvznpH5780yBze,EN
R_5lWWGJhj57GtpfX,EN
R_5DZfb4i6Sx0imUx,EN
R_5f9ibH6HMZBUW05,EN
R_7x1GSZV9T0TlcOZ,EN
R_76HfUUkNVzxBzMt,EN
R_54f2YUa28BsR0y4,FR
R_3DAwGQZmzfHNz2j,EN
R_7zl3XdxZUWQyCJ3,EN
R_14MBtd4sfOtBGQ5,EN
R_1mKJF756Ghisn2p,EN
R_7NwafLi4o1j9BcW,EN
R_71cTByhUNggDMFH,EN
R_3IYkL30zMdC8pkV,EN
R_65LoDLCuxwShXFN,EN
R_7rJ3iuz8qhd4p1T,EN
R_3QyFc1n748r3i0u,EN
R_6qImuOxUNdBQvoI,EN
R_5jAnoksPgNnOF2N,EN
R_5ELsqWW4Fc26iKf,EN
R_7Ic6tnnlsjrXENV,EN
R_34q68Io4EqFFhiE,EN
R_53ehsMecEQGDika,EN
R_3EgRrjXGZt0CzUr,FR
R_5DZdNCkv38tVhK8,EN
R_5fJch3L5TbuVhSK,EN
R_3XdjpKGT0dvtFxB,FR
R_3EcbSMt7W5iod3X,EN
R_5WTuMfgqOkLqWPL,FR
R_10uXxYe5FlQGi6S,EN
R_6ruISQGImd6Y0uR,EN
R_5nFv8ScR6xmBsxb,EN
R_7vhWkfcDZWW4kpM,EN
R_3CuX5wl5xctAZQl,EN
R_7rZnojp5vhGii1X,EN
R_35HghZIJYJ71mW3,EN
R_1fjJ0TqeDCD2SjE,EN
R_5QWfMOLCARR4TcZ,EN
R_1FaArrJvUZwN98B,FR
R_3agh3DlfB1bOhyk,EN
R_12VRDAHWl0zC3Py,EN
R_1a95noo0XRL5RI9,EN
R_61tvzRtNuQOSthf,EN
R_6zkc3Fyb9o3VxhU,EN
R_7Rl6d9bviMNOCg2,EN
R_1j3EUhK0zFQeodk,EN
R_1rAUy9BY9dlegnI,EN
R_3CP61wxDCcHRsiZ,EN
R_7P0YKz2vk8RGx0D,FR
R_7nPCWXnBSdSVgul,EN
R_3fDoWYtLV1r4kl9,EN
R_6y2gJiL3IyBTia5,EN
R_37ZrlqOF15hEaLn,EN
R_5JzwTjm4EN8kR45,EN
R_6LCbWtaOLhGWOyt,FR
R_5drK0jvdGPe6by8,EN
R_3dz2tL6qHiVERZA,EN
R_1VGyWzdq78bKvkZ,EN
R_7D5HtQkSGhzqTG8,EN
R_7HbB3IG0RQMekkp,EN
R_50aipZx7nSOCmUV,EN
R_6aQt8npkhLZaDV2,EN
R_1rJkTs99IlH3Wic,FR
R_10SQEzgDb6RPsO4,FR
R_5imxXSeKM8NsNMQ,FR
R_7uxjIOCDbbuAEYx,EN
R_1MATx8ZPQVSRHE1,EN
R_1i2N4znw5HYgqXv,EN
R_3j86fvBJ7pJZOBr,FR
R_17VFWtNQlmEbqDf,EN
R_1fBZQElLw3TfWpd,EN
R_5IRfEBQ7yk6xw2l,EN
R_6lh222fQNnfm03r,EN
R_5DYzcTB7xvCoscW,EN
R_5D8D5IjiPeSnmmp,EN
R_7ksTghkYcSxuoxa,EN
R_7thZBd0aQYuSCKB,EN
R_3VIwMy2uBvCjswd,EN
R_6fwC2PMpUEpQzAZ,EN
R_6JIwPOJZ0zELIE9,EN
R_3dKbiMTWTihM9ta,EN
R_5v7x9JhcI5syVAk,EN
R_69Gf2BS9ys3TRrX,FR
R_1si8GIXBIPA2GIw,EN
R_3VbbzRvoLjm3NWp,EN
R_6m42OaHYqj0Ao8d,EN
R_6i35ZfyorZ6ac4V,EN
R_5YbeD2Cu77nE8ql,EN
R_78NSEbqoR3wN90a,EN
R_3fNaZ7l4Anu9Ub2,EN
R_5HpN37crcppPJh9,EN
R_6b282tFI5F12TTf,EN
R_6DpzDdDC2XteoWC,EN
R_6LXs1dwoMfMHaCV,FR
R_1ZWKCnsWOuLdReh,EN
R_5LdKtaxtC8xoAaW,EN
R_1czQgqfM4Fzsjb5,EN
R_1jSVUlgWCLZ0awV,EN
R_5CDAmOzN95u8syB,EN
R_1NCDHW6gXcyo0oe,EN
R_3d6KaMJfJzE2aLT,EN
R_3UYqFEm7UsFlI4n,EN
R_5qVyoQKzCAe4hDJ,EN
R_6FP48tsTjYtEoQJ,EN
R_5riUcbWjPSq2Nis,EN
R_1lxd3BjSmz9yFcV,EN
R_7frs45gJKVFh40X,FR
R_7hbXDatdYvMSVH6,EN
R_7mRbtIUYuDm2I81,EN
R_7WBXHPKEwXnRrkJ,FR
R_3fZ31yUeCY371vx,FR
R_53qzDWqSx1jn1e2,EN
R_7riAVHQVUPcuSQu,FR
R_3dgSerV4d8Ce0S8,EN
R_3dE2VWKPgW3U0Dh,FR
R_7dmF9XyTSIdeG0e,FR
R_50lEPNNMzUUhqCZ,FR
R_7HRqlmSpjX1dSn8,EN
R_7IsD9yv7Fqv0hve,FR
R_1X9nwfjv8YF8Evv,EN
R_1fIzcHBNwIIRJ4l,FR
R_7pFmysVLtt7welb,EN
R_3l4c19atVbK5SqV,EN
R_1qgbnMKVjAAVd5T,EN
R_6HSPUXQwfgLUFjC,EN
R_7X59oUnpFVQiEs0,EN
R_6J4bl1tFwafNcxj,EN
R_7D2fnMl9ycpWsbj,EN
R_6OPUikvruMDMkfE,EN
R_69ogJbC64ssPoRQ,EN
R_3WiFTzSvzERkl1f,EN
R_79CaxqCAAwS0eNr,EN
R_3WGrVCA0zJHj6wr,FR
R_1yWsoV1i4vFSXHX,EN
R_738XUKskhvbHNxn,EN
R_7gSCzivmMc4ju6M,EN
R_7oOcxdkhhE37vPp,EN
R_716DYAIeXFlXTQI,EN
R_5y9oMz87QHacsqn,FR
R_70NTprZyV6CJdff,EN
R_6mQLDIuADgDtD8S,EN
R_65uiEyAqSUDfNGF,EN
R_5LrRAijzDMEPtgl,FR
R_7S2hHmLzeKaLWBv,FR
R_5TmEllLlmzj9Zzk,EN
R_1IcTYTuJcsV7RxG,EN
R_3lrw03EjYFVZI9R,EN
R_1O1awOHoYJBcen1,FR
R_3a8pOL2jgLevYGb,EN
R_1wABtsSGh3kh6XV,EN
R_6Kf1qO20u0YuUSF,FR
R_1uDNxFov4VA2j25,EN
R_32EGb05emQlZngI,EN
R_7grJ8v9bxoHq27T,EN
R_3sdi0NG3WuABcRP,EN
R_5HZ3AIQLvDWLsLT,EN
R_3qAg8y8KgLTksxP,EN
R_5GdI9euE9pezk5o,EN
R_1QJMIAjudslut6Y,EN
R_3d1lAfVImEW0p8t,EN
R_6onebRlRGQkZFRQ,FR
R_7EXruPcLq5soNCV,EN
R_7aOKnXMzq2Nc8Ks,EN
R_5kbrvQbFi9GhcLl,EN
R_1hzZbOMQfpLmQsp,FR
R_5BEw3TD2albBLH3,EN
R_7KUsASyloW9EYBN,EN
R_6A93cIJkRfk8vnz,EN
R_5nisOJuroeModwT,EN
R_7gC7rmX2UL7LkEj,EN
R_6wLgZmGdqYeI8HB,FR
R_1zoLnGhhX9M8bxO,FR
R_3VPTL3xUakCTB4w,EN
R_1HTdpuoi2rBaHcZ,EN
R_532jntNpw2zLnfZ,FR
R_6xLyLucJ2afJnuy,FR
R_1zCxQfMRai8FKoh,EN
R_3x5huHr81LfVeZb,FR
R_1cw6prRegL7FrR7,FR
R_75XF6xX9I5K4xCV,EN
R_6YcgPq8TaxY76vN,EN
R_55MV7PXNKwZ07RU,EN
R_1kgHzXlOPFcUXx7,EN
R_6gJhbK6mtMXfUlz,EN
R_6ePifpQLq3cjyIa,EN
R_7WAvuCpKYaAKTdS,EN
R_7YY9fPqp8rKkNNF,EN
R_7qnNXEUL7sVujol,FR
R_6JpeKrBoWciHXMZ,EN
R_3hGaLp7bwpEjhVQ,FR
R_5HiOCiynNGhf8uz,EN
R_7fvfRKkkvG3CuB3,EN
R_7FXKIeTfMNXn1PX,EN
R_6DCj7H72LUCV3e8,EN
R_1eQpxkiehuuX6nX,EN
R_7K38PdQFFMBMXOn,EN
R_1mlLTQGFNiVkVpb,EN
R_7lnHf2X6c1yEKAk,EN
R_5G5lwp59ehutfmF,EN
R_7JOsjuaHosQsNgL,FR
R_6n9qtI8ENSTMVmE,EN
R_3Jk9OimBhNudN2V,EN
R_1rgOsokVQ3lFDUZ,EN
R_5FqRAC37TIii5ln,EN
R_6NKENkic6Lwp7nb,EN
R_1imQMQ4QHQ99eFH,FR
R_1tD5e1vJiuGSwAu,FR
R_19wdzsqPYI4C6CR,EN
R_3jGYtLicGiMoFqx,EN
R_5fvt7VKG2Nh7lwO,FR
R_3gZxJMmD9WrrznF,EN
R_3CyspKjtPYOl6zf,EN
R_13dwKvc1P4YClAR,EN
R_1fldSM4MgV3DnIS,EN
R_50D7W9FpmP5eGR4,EN
R_1GBXF6J0xJdQvnZ,EN
R_7esh0d0R1CQy3in,FR
R_51Xgb9NpqEPfmD4,EN
R_1fZURTSD5ULlceI,EN
R_6eOyc2eGO13DtnP,FR
R_7wnwQnTGjggGXAM,EN
R_7xVnR2dQN179iVP,EN
R_7l9kGfYWxd4p3vq,EN
R_5EEODtwJUui3luN,EN
R_6QQcLKYUDmu8lt8,EN
R_1ASEcLJRRA7Rzhu,FR
R_3gjPdFHcOKMXFr5,EN
R_1OruipjOs8P1m0v,EN
R_1EjcyPL2ehPdtMx,EN
R_3RMAD0ty50w5y81,EN
R_6MmQtAn5kmNh4A2,FR
R_1ZEMMDrwHpLuthq,EN
R_7q9B2wR83nEAgrp,EN
R_5kSSskv5QZvDbT5,EN
R_3zIQVpf0mXh60eh,EN
R_65KPHPWJyw9FGog,EN
R_77SEseFS5ZGc6HL,EN
R_13VPXa0ouBjSM9n,EN
R_7fdgxGxcIJEir8s,EN
R_3uq9VvK3Irq9WmJ,EN
R_5IQTUT6sXKHa1VX,EN
R_3j3WnJhZnX9wPq9,EN
R_3yloqItKsXPktvu,FR
R_7JqvycS8HIZc3Zf,FR
R_3KrOYjqSmDb6tk1,EN
R_5QM1p2ondeTo3Zc,EN
R_3TAyOx2rrJvFkJ0,EN
R_3drSFjnNc0yhszN,FR
R_5agnmwpWblvUC8W,EN
R_3irLU3JSSbuHNjS,FR
R_1QltkKHlkfHArgl,EN
R_7vVjwIGQcGHwboB,EN
R_5HUHCbh05miG9E7,EN
R_58XEe567q5jdN2F,EN
R_6KC5P4zMiCP1Qmn,FR
R_1FtfhcsJTh1ZABY,EN
R_6XVbb38RcqlOgCt,FR
R_1pmMBFX1cqsqAMC,EN
R_7zNoeJmIpQdA3F3,EN
R_794FlN0TVk1rGzu,EN
R_1F3ReGAqDNi7fXt,EN
R_7zqHp2jmMTw1Mhc,FR
R_3J9KPFJUjK8urhW,EN
R_5Mwa3aF810we07f,EN
R_7VxaTjBhm7c05Hn,EN
R_3iqu8gQfqPd7yCD,FR
R_6K7pRv8N5bsTJwu,EN
R_7Tu5k1ohUw4D42n,FR
R_5N2NEaVtGutFPTA,EN
R_3C6Xs0KuA981CsN,EN
R_5rMJEOJUm7w46IJ,FR
R_575v3hYalYPNG25,EN
R_7Qrn6PuvnoUa9wO,EN
R_65s8m24S5MTne1z,EN
R_562uau8kivfoii1,EN
R_7oLYwnzaq5fW7a9,EN
R_7kbQmowezPvyb5K,EN
R_7Dftm2WdcqDDd7P,EN
R_3wi5XPf2uT8IrEC,EN
R_7QK2SMVjkUNk16C,EN
R_60V09VQu6mHgml7,EN
R_5GVlAzKtAzLK7MR,EN
R_3OIbnYMe2N8nm12,FR
R_3vaxSEIRxWiDJuN,EN
R_3ieWNxjkwPVwbwf,EN
R_6CsDmQqygEHCKvv,EN
R_6r0NaCyahS9GP3U,EN
R_7jvvLnTZ4WiyXXb,EN
R_7hxUsnFj25yXNTa,EN
R_6L0Z9mM0OPVT0DD,EN
R_6wzYBbf8bQxuCUD,EN
R_7RkhvEQt0zzIKGK,EN
R_5BCcQByv0Hl5RuN,EN
R_5Nx03rTJ905G2qE,EN
R_6JOL2qRsBFdpgOd,EN
R_6qIi6xu4Omthc8R,EN
R_3HcLsayOn0oFmuj,EN
R_52ltHVfk1CQ8Rgw,EN
R_7EPHRcKam2PTg6B,EN
R_3OclYC7sUf8kIRb,EN
R_5zACNLwaB5cRHmF,EN
R_5R1X44xEtwbI1Io,EN
R_5GvoKWukOOI2m5j,EN
R_3xGfHjF12o4pEel,EN
R_1B5Jtixv2pMYPe3,EN
R_7ajPjhSTEEmG2Rz,EN
R_7ElKgJQiuzuA9Sr,EN
R_7ZEX0hghK85LpCu,EN
R_6TXLkmLa1QarEkr,EN
R_1S2pssBxUg6pjAn,EN
R_8rxC4nZEYvm3mfL,EN
R_6uvvLGefR4A0R3K,EN
R_743T5EciyNT4ZEZ,EN
R_6f0N1qwG1ajMdVe,EN
R_6Muvsk2mvndysai,EN
R_3qJ71iJ1PdnbRvB,EN
R_5PzqyKh4lzKPtkt,EN
R_7NLoUhjWuY2Jeq0,EN
R_3r7hOrXuC7PvUBq,EN
R_6jV6hAAQeFRvWdQ,EN
R_54NxIB1qePbxXDK,EN
R_1dgdqMZNMOplHI2,EN
R_7cYx9KIBW3rjqXD,EN
R_1dGrARj95KRnZsZ,FR
R_6znNEnRd4gwseMp,EN
R_3NL1eNjDDLNIX0T,EN
R_3PHlR28kjYtZOO6,EN
R_6PxhV3N9fzBIVwt,EN
R_7Dj2ntkXhY1ZqyD,EN
R_6mLNdv9Wxx1JZsd,EN
R_3GuUDUvUw3xSIAF,EN
R_3plrsaNi37CkIfF,EN
R_52CYHGdx7ECRi5V,EN
R_6HYYRsKx0bLpwhR,EN
R_3t9F9ohRA9Rqpxr,EN
R_6ETfZLuh0hx8g45,EN
R_5qfH1ElsPgPxlJh,EN
R_3S1gWmofsd5AmX6,EN
R_5p5ARoqEThvVflG,EN
R_52yvzSIDC3czO6r,EN
R_501evJQF4Xf5wO2,EN
R_6QzolQb5VuLx3DH,EN
R_7Svuj8PClEMGjqv,EN
R_7QPozYnEZLo8R7u,EN
R_6kuzRUifbywbWgx,EN
R_549Km8ox0YJ6vip,EN
R_7UAdNQBfZIjlemZ,EN
R_3hyIBZqDBPABzL7,EN
R_5Ecf0tnZkdCMXuq,EN
R_6gdXufxfZeqrzoV,EN
R_3251wpJDxP4WnES,EN
R_65FRvPAGnnO1ddr,EN
R_1d9RDYAKBlgw99w,EN
R_7VOBfpHw1aD6iNH,EN
R_7VBBTWW0IW7T5lm,EN
R_7D6nFKmjVvDlHtj,EN
R_5pFF38tyMcTrWEN,EN
R_6dEon1d7EpCw6yE,EN
R_12Xj8Tie09eJl1g,EN
R_3aXo5kdzrVurXHo,EN
R_12hvZyDEdhnRhUc,EN
R_10ZTe3kKIrOBqop,EN
R_3OItbXaBNmEVogH,EN
R_6EbnuOD7MJQ4aZJ,EN
R_31H4aREXbosQa8m,EN
R_5MQgf2pmxze3qsW,EN
R_3GUrWCJj6jzPdeO,EN
R_71aJZnCwcNSM38t,EN
R_3pVrlHnga7cA2WZ,EN
R_1oASNigkwgJ1xD2,EN
R_3BUmBf5H2ip9FbX,EN
R_3qvHfysvwTTEhGk,EN
R_3uKqz185fNHlBjX,EN
R_5bgFdVDg2HkjeY9,EN
R_7oBHhlD9FB98DSQ,EN
R_132xLRWmMS5BZDI,EN
R_6YY8ZEET9LtwY13,EN
R_1Hujgb2mgl5nnXy,EN
R_5VIVM8ssga1M9yN,EN
R_5IY1gWtAhtDl3vZ,EN
R_3TmGr3XplDPstJc,EN
R_5usbWhRjkohtfYi,EN
R_1ARwv7lXr4Im5H6,EN
R_165RLssoyReN8B6,EN
R_5KeGjjUu5dpOsi9,EN
R_58JamSBTf3B4qbG,EN
R_1sSM59zOA15wblv,EN
R_3Nx3TeaAcgb36QJ,EN
R_35u138g42kQtf8a,EN
R_5KkJoikr0GbHzPF,EN
R_7gmIoKFRYiwZ40F,EN
R_6GZmkdEPrwC7GUw,EN
R_5rwjagMLX0mfOrn,EN
R_7MQmuR9iSxUlWm1,EN
R_30zO42vX55ySlI5,EN
R_5d5DiZg4NmJcwpj,EN
R_3egMNVD8PHiQ3DP,EN
R_7ZQzsd0Z7KMSL5U,EN
R_7dEsJNqNpE9ut4S,EN
R_78P89qdhq8GuYG4,EN
R_7kZxYcAtpuxXnyO,EN
R_5q2GIVNVJiGDSo1,EN
R_3psGZJt7Kz1tVVn,EN
R_1e3TjTkbtxr3lT3,EN
R_1LhkPX2jKGqkXIZ,EN
R_1qBAjE3wQMPaLpT,EN
R_1lQe2aASTGUbtmx,EN
R_3cirdfbCh9IElOb,EN
R_5BPjrWnvc0KUtFN,EN
R_3JBVUxeL3QQSXGF,EN
R_13xQB1N3j7DItzw,EN
R_5k0t9cnp3VHjAHH,EN
R_505XcZnAgMoRjan,EN
R_7FOSSaIryBWv6Wg,EN
R_5G99lbOB8uGtc7T,EN
R_7ZOlzViMXL9xUN5,EN
R_3fE4PWNcay0SnQz,EN
R_61F7ZNGrIIxByYX,EN
R_7FzvHd6gbb2MnHz,EN
R_5exHG389DHgLBSQ,EN
R_7BqtPrMpfczbAej,EN
R_3XcCzB4oAhN7fxF,EN
R_5PiovMEgtI8ER3G,EN
R_1Lv43MOaIDjqCiX,EN
R_5E5fHyjlzGlnoy8,EN
R_38MP4yzaiV81eOE,EN
R_73d8nUoeWymFKTL,EN
R_5dLzwl0eztGFNUK,EN
R_6QL8cWQPh7B3iyb,EN
R_61Ax243UyPol8NZ,EN
R_62zOMNbot42N0XC,EN
R_6Qtyieb4EtOFP2h,EN
R_1jkiUIV8iBUofUB,EN
R_1bJzjU4A4MWdyHy,EN
R_3jmTw4joGVpc0ZX,EN
R_11U9KdxzixHjcCR,EN
R_1pKRAqKG9fJ9kUF,EN
R_1YYc1IiJ5yRiyuU,EN
R_6B19RWHmF2DZRlv,EN
R_3LYfFiP92CAgbAm,EN
R_1z5wU2RPF5wXFbp,EN
R_16SgqIgTguOQkgx,EN
R_3Pj5gmGZc6ZlAtF,EN
R_1jxrw9InGJfNJS1,FR
R_5dSJkN6TH3RwJT6,EN
R_3dKbkZ0YqoZ9nrc,EN
R_6TplPUPZ0nUeJ3C,EN
R_5f44laoUDceurJt,EN
R_7En7RwuxncRjZex,EN
R_5EWJTndJQxNASt5,EN
R_7guwavG0e45mX9T,EN
R_5rAqzXjG7g6piVz,EN
R_3Wxwy34VSJvAjBZ,EN
R_1R9BpYxThTGxLJO,EN
R_7cenlHRGgLmdtj5,EN
R_7k1ebCKtZRzD4id,EN
R_7lugaHTOSsbRrkO,EN
R_5uxnvNhMdXRVUkQ,EN
R_6OVJVq66qCOmTHw,EN
R_7yq4lQF981YjeNh,EN
R_3xs4O6P7rWgNaZH,EN
R_5WUzdsMq2P7naux,EN
R_3IJXfERgWIs5T1u,EN
R_6exdyVwJChloAbm,EN
R_6G3PrxtkzOvoyGh,EN
R_5YLKVRdPQLfwG1N,EN
R_7MvHPZG6SJhzNRv,EN
R_69c3dAwa5VgYsJh,EN
R_7HvcIfIF1ZK2rpD,EN
R_71GTuhmPrYNqvJZ,EN
R_1mm9LQzZg6SplU0,EN
R_72VEms6mqJwd3ky,EN
R_1bjH5pXjcEFfPOh,EN
R_6G7Yti7LhLponbH,EN
R_6qfSPCOO0QbtAQx,EN
R_7m8Hxv3LLSD3sqY,EN
R_6dHMPEkN1QtVix3,EN
R_11i5WXS3V5xsrpD,EN
R_3w0SS9ETf9IsFQ8,EN
R_6PXH7kaunmCsL34,EN
R_6aIh5fj0empQVkB,EN
R_7dA7W9i60RJEbhq,EN
R_3pXyU4nQ9RyxgWv,EN
R_3DUo83SlNuWQeyH,EN
R_6X0gae2w1TWHLCw,EN
R_5yflMKWb6aO1Dk8,EN
R_3GvbepizOFF2KHB,EN
R_6QMD8XW2QLgPKVl,EN
R_1E6NVmZDbgKD5K3,EN
R_73ma8eABdo1qa9M,EN
R_5hLundQhjrdabWU,EN
R_3I6o97xIOUqun0Q,EN
R_6j6Z14wsCZFddFi,EN
R_7gOrtR0Ru3YB5I6,EN
R_69tO8cauIvZeOIy,EN
R_7J1Wo8eisxlq1La,EN
R_7Gjg8Wbv1hGRGAX,EN
R_7Jvk3VwyXWpqMHD,EN
R_3hSjsxLmqePPfNJ,EN
R_7X5QBtGbnN4yL72,EN
R_1U3Ci8Y4Tve55WV,EN
R_1IkZEjwcOvfCqEp,EN
R_7qlBgZc7UwDCwQp,EN
R_3w4AseXMTPUBvTb,EN
R_5QYhePuP0XfwEsp,EN
R_7ne0ULPE1hJjb9D,EN
R_6UYhmDLaxRucpgq,FR
R_5P7QFXH3TRHgpue,EN
R_6S949RmuhsUiIsR,EN
R_7FgMzvzGyDZ3o7D,EN
R_78AtvLfKDWQgxZK,EN
R_717SUK0heeWHrrg,EN
R_6YTpGRfyok3EPq9,FR
R_5dqUocuWL4AnXEJ,EN
R_5fjI0R3hHg3GZXf,EN
R_7GVNd9zNWovILAv,EN
R_7fvdX3cBuZOpAQq,EN
R_7fxhw7vQKDa7NkA,EN
R_1p6ajacp41d83LU,FR
R_1eIkA9pLOsspRGp,EN
R_3FTuvACxxDHf4Xv,EN
R_1ExYBRdf75GiWgL,FR
R_66UXH1lt36OUbLz,EN
R_1GV3KVWSAAbeU7b,EN
R_6HSOk4uipgEMY2Z,FR
R_3lcrNSRn03ou63f,EN
R_1Yc4GZ2NrKVCyjF,EN
R_6ROYozA7VHYMhSz,EN
R_5bO9a7NHw2Zhuhu,FR
R_6lWTAjHEPxGrMQp,EN
R_67TOJjKLlHU4Vc5,EN
R_6DSJoWuOeqa2s0c,EN
R_1H2jo2WjNb68LlI,EN
R_6G6z8kYwabPCtr5,EN
R_3uClqkNmkbvM34U,EN
R_6kMojf6H440x5nq,EN
R_1iWh7ZXHzWg0Mza,EN
R_1PTVDx2kKsxfiaF,EN
R_1Pv5czEsOdgg6kK,EN
R_3zihq2gVGAkeB2K,FR
R_6f0AfLUZpwwRFeI,EN
R_6IHB7uLmXybNAm5,EN
R_3Xbz4r4Wh87tluS,EN
R_5BUW9cKY1nelDP3,EN
R_7rCHdCADuH25KGl,EN
R_1rDIA98OrSUzB0e,EN
R_1BXVHGNezV1QD3E,EN
R_11HrCuU5w1Fckig,EN
R_3ZWFu89wf9dmoyR,EN
R_5iUqEB0wACu7Wzz,FR
R_6tNFADKEuaMAblL,EN
R_6C8HgCL5Kih1VRf,EN
R_6OwWu63xCiuRyaL,EN
R_7VYZ0UcDILMkuxr,FR
R_5koEaOFmOGvMjMA,EN
R_1GP3SxMUN32mhcq,EN
R_1iEGd9Lvy1anpDG,FR
R_1dh0JTCkG6tBJLj,FR
R_5eeIPq1PikNTqui,FR
R_5MR0Ub8MnDDOonm,FR
R_3eRhjppqmA12Th8,EN
R_3ZFaV4f6ojgzag1,EN
R_7gLQisvi0BbbckF,EN
R_3pGxngDXCOnMTOV,EN
R_5g2a75fQjpl3uCd,EN
R_7Vmv7dn3P87rGaC,EN
R_179kfZfq6h2VG2d,EN
R_5CI1N16I93KhBAQ,EN
R_72tlaUkIuMe81Fx,EN
R_15xLje4eYAis6Qx,EN
R_1MNHFM1o40lxxUR,EN
R_7nOwZmsvqL2gIto,EN
R_6siKQZpwUcGubWF,EN
R_60f38ZlnezPazzO,EN
R_1w7zIDRg7TY8JTH,EN
R_6IrbQcCytuOdRiF,EN
R_3FJQOQPHk25nPAW,EN
R_7TVaRR3wr1a9r8Z,EN
R_717yuUVO70zJsbd,EN
R_7z8xQcuFFABAhLd,EN
R_5j9462dH9RtRxIq,FR
R_3FD7j8JjjfBRdP0,EN
R_6vdH7oWPrZUrF9W,EN
R_5oyq95s3ZDPhv2h,EN
R_5U5x2BhEgkl8gTy,EN
R_314lgyHcG7L6Hfy,FR
R_3jV47F1jotlksDc,EN
R_5ZKtayeJ2IU7J0l,EN
R_5s74i0TQGhsEHq1,EN
R_5VUERS846YHeA7f,EN
R_3E9TJfa1Y7jMixh,EN
R_3rUxmoZLDGeOLSZ,EN
R_3k2iKoW72IC5kkG,EN
R_7vekF4IgxZiIjoa,EN
R_1BkRE6DvedevNmC,EN
R_1ihyUlfDChw4Vwq,EN
R_7sUrpri8aWuHM4h,EN
R_7ORCfzMlxQz258J,FR
R_6y1pcNKlj5ubq66,EN
R_50H6e85kHxLcAgM,FR
R_3kccpVFHEeXg5Y5,FR
R_7QclYVfvVlHMqwm,EN
R_5Ca5HIYoWqLzEUB,FR
R_6CkWY1Ns3D7zLaS,EN
R_5P7un1qMe6Q5jdH,EN
R_3hgQChJeL3oU3mm,EN
R_729loXsouTXajf3,EN
R_1zAOwDLJQb6ZugH,FR
R_7J45Vi3PEKbi4ay,EN
R_6qXqWQFgSx54x72,EN
R_7L7vEHuxeae61VP,EN
R_7itHUdzSQtZBSVH,EN
R_3gXXyWvJC9u5lyI,EN
R_1I4uOSGCy78JRMw,EN
R_1utRiqcKi2pRX21,EN
R_7gekPeKbk0lrxp4,FR
R_6SsXnYGhK3m8MNP,EN
R_54Iw1z4v3XW0fve,EN
R_6CxIJlSwUxVJJZS,EN
R_6HTzmnfba6bdSM2,EN
R_6JCAC3Jdfg3pZwh,EN
R_5ZNSsVRZA6L2d4K,FR
R_7jqgQIXxoKmLrh1,EN
R_1t2UqaDHMeYAztg,EN
R_6ZCZLBqVFCE2xq4,EN
R_3kwXXFN7MBPHZ3H,EN
R_72zQ7hquFuIdHuO,EN
R_6mJgOEiW9tZvIXc,EN
R_623J3eiMJOkz7Gm,EN
R_7emYbcDsGBHHYdD,EN
R_3CwjlKtWHZ53pKy,EN
R_7gL2HREBOUFlTMy,EN
R_1RNZRdhFKXLpWBy,EN
R_6gcjFgJC6HfM8Kt,EN
R_6N3uy0668bTwi7O,EN
R_5HnyyUb5Oi3N589,EN
R_75z3DBoc6wuL5zr,EN
R_7gC8LD7577RBs2y,EN
R_6vSENJRgDMYkINz,EN
R_6EXbD6kVCQ2qRIh,EN
R_6mfsm5fxwHRHhUm,EN
R_5PyB5VkliWzjy2R,EN
R_1NPpihiaHItf2S4,EN
